<application>
  <component name="GeneralSettings">
    <option name="showTipsOnStartup" value="false" />
    <option name="reopenLastProject" value="false" />
    <option name="autoSaveFiles" value="false" />
    <option name="confirmExit" value="false" />
    <option name="confirmOpenNewProject2" value="0" />
  </component>
  <component name="Registry">
    <entry key="rdclient.asyncActions" value="false" />
    <entry key="search.everywhere.settings" value="true" />
    <entry key="ide.tooltip.initialDelay.highlighter" value="0" />
    <entry key="ide.mac.file.chooser.native" value="false" />
  </component>
</application>