<keymap version="1" name="Visual Studio copy" parent="Visual Studio">
  <action id="Arrangement.Alias.Rule.Add">
    <keyboard-shortcut first-keystroke="alt insert" />
  </action>
  <action id="Arrangement.Rule.Add">
    <keyboard-shortcut first-keystroke="alt insert" />
  </action>
  <action id="CodeCleanup" />
  <action id="CommentByLineComment">
    <keyboard-shortcut first-keystroke="ctrl alt slash" />
    <keyboard-shortcut first-keystroke="ctrl alt divide" />
    <keyboard-shortcut first-keystroke="ctrl k" second-keystroke="ctrl c" />
    <keyboard-shortcut first-keystroke="ctrl k" second-keystroke="ctrl u" />
  </action>
  <action id="EditorDown">
    <keyboard-shortcut first-keystroke="down" />
    <keyboard-shortcut first-keystroke="ctrl n" />
  </action>
  <action id="EditorDownWithSelection">
    <keyboard-shortcut first-keystroke="shift down" />
    <keyboard-shortcut first-keystroke="ctrl n" />
  </action>
  <action id="EditorLineEnd" />
  <action id="EditorLineStart" />
  <action id="EditorToggleUseSoftWraps" />
  <action id="FileChooser.NewFolder">
    <keyboard-shortcut first-keystroke="alt insert" />
  </action>
  <action id="FileStructurePopup">
    <keyboard-shortcut first-keystroke="shift alt p" />
  </action>
  <action id="GotoImplementation">
    <keyboard-shortcut first-keystroke="alt end" />
  </action>
  <action id="GotoNextBookmark" />
  <action id="GotoPreviousBookmark" />
  <action id="InsertLiveTemplate" />
  <action id="NewElement">
    <keyboard-shortcut first-keystroke="alt insert" />
  </action>
  <action id="ParameterInfo">
    <keyboard-shortcut first-keystroke="ctrl alt space" />
  </action>
  <action id="QuickJavaDoc">
    <keyboard-shortcut first-keystroke="shift ctrl space" />
  </action>
  <action id="RdCodeCleanupAction" />
  <action id="ReformatCode">
    <keyboard-shortcut first-keystroke="ctrl alt enter" />
    <keyboard-shortcut first-keystroke="ctrl k" second-keystroke="ctrl d" />
  </action>
  <action id="RemoteHost.NewRemoteItem">
    <keyboard-shortcut first-keystroke="alt insert" />
  </action>
  <action id="RiderUnitTestAppendTestsAction" />
  <action id="RiderUnitTestDebugContextAction" />
  <action id="RiderUnitTestDotMemoryUnitAction" />
  <action id="RiderUnitTestDotMemoryUnitContextAction" />
  <action id="RiderUnitTestDotMemoryUnitSolutionAction" />
  <action id="RiderUnitTestNewSessionAction" />
  <action id="RiderUnitTestRepeatPreviousRunAction" />
  <action id="RiderUnitTestRunContextAction" />
  <action id="RiderUnitTestRunContextUntilFailAction" />
  <action id="RiderUnitTestRunCurrentSessionAction" />
  <action id="RiderUnitTestRunSolutionAction" />
  <action id="RiderUnitTestSessionAbortAction" />
  <action id="RiderUnitTestSessionRerunFailedTestsAction" />
  <action id="RiderUnitTestSessionRunCurrentSessionAction" />
  <action id="ShowErrorDescription">
    <keyboard-shortcut first-keystroke="ctrl f1" />
  </action>
  <action id="SilentCodeCleanup" />
  <action id="SmartTypeCompletion" />
  <action id="SurroundWithLiveTemplate" />
  <action id="ToggleBookmark" />
  <action id="ToggleInlineHintsAction">
    <keyboard-shortcut first-keystroke="ctrl k" second-keystroke="ctrl h" />
  </action>
  <action id="TypeHierarchy" />
  <action id="Unscramble" />
  <action id="Vcs.QuickListPopupAction">
    <keyboard-shortcut first-keystroke="ctrl k" second-keystroke="ctrl s" />
  </action>
  <action id="hg4idea.QPushAction" />
</keymap>