<keymap version="1" name="Visual Studio 2022 copy" parent="Visual Studio 2022">
  <action id="ReformatCode">
    <keyboard-shortcut first-keystroke="ctrl alt enter" />
    <keyboard-shortcut first-keystroke="ctrl k" second-keystroke="f" />
    <keyboard-shortcut first-keystroke="ctrl k" second-keystroke="ctrl f" />
    <keyboard-shortcut first-keystroke="ctrl k" second-keystroke="d" />
  </action>
  <action id="SilentCodeCleanup">
    <keyboard-shortcut first-keystroke="ctrl e" second-keystroke="f" />
    <keyboard-shortcut first-keystroke="ctrl e" second-keystroke="ctrl f" />
    <keyboard-shortcut first-keystroke="ctrl k" second-keystroke="ctrl d" />
  </action>
</keymap>